Source_id,Sentence_en
1,Eclipse also helps the programmer to detect errors.
2,"""For as it is written I speak as of faith: if we have the Spirit of faith we shall believe."
3,It will then search for its own driver. I will click on Cancel.
4,For all iterations this means that the iterator is set to each index value. 1 1 2 etc.
5,"""And I heard a voice saying The second seal is loosed of him and the second beast cometh and eateth."
6,We also learnt how to store objects in fields with their own positions.
7,Child has trust in you all.
8,You may get startled by observing the nature.
9,"""Let his love abound among you in remembrance of how ye did obey his commandments and took him by the hand of terror."
10,"""In rainy season a part of water gets absorbed in soil after it becomes dry and collected in soil to form water."
11,They see the book.
12,Paternal grandfather came from the library.
13,Again go to the top margin and click on 7 under the tabs from 0 to 9.
14,The Align and Distribute dialog-box opens on the right hand side of the interface.
15,Click on the line number to set the breakpoint.
16,We have done the same thing here as we did for Borrowed Books.
17,"""The classical period is defined by Patanjali's Yoga Sutras the first systematic presentation of yoga."
18,Those two are creepers.
19,Apache MySQL and PHP obtained through XAMPP <ID1
20,Here we can assign an appropriate title to our document.
21,The army follows them.
22,1. Where are these cells found?
23,We can also add shortcuts to the Launcher.
24,The height of the roof should be such that it is free from plants and cows can not eat it.
25,"""Different modern materials are also used to make things used in education such as washing machine telephone refrigerator television and vehicles."
26,You will be able to stop some insects and otherworms from roaming around.
27,"""Among all the measures be ready."
28,Boy displays affection in you.
29,"""For thou knowest that all the peoples of the land of Asia have forsaken me: and among them is Fugillo and Hermes."
30,In this report I have written a paper titled- Indian Journal of Microbiology
31,Publisher Collection title
32,• Continue the second step with the soles of the feet together.
33,I de-select the Brush with a small brush and then the Gradient and select my best colours.
34,We will then forward it to the successUser page.
35,"""Plants and trees grow in different patterns"
36,"""Now therefore are ye no longer unattached no longer strangers but with the saints and in the image of God."
37,Tribal dances are usually performed in groups with special arrangements in between.
38,"""There is neither Jew nor Gentile: for the Lord God of all is like unto every man as unto his own servant."
39,"""To solve this problem remove any harmful plants from your garden."
40,Close Basket (Order
41,Idli cooked on moisture
42,"""After this being provoked by the news of Surpanakha he came to fight a battle with Kharbhansa and three of his disciples were killed in the battle."
43,This brings us to the end of this tutorial.
44,This is the difference between methods and constructors.
45,Pandavas also conch-bellied.
46,read the data from the file e.g. fp =fopen (ID1 r
47,For details please write to contact@ID1.
48,Now enter the password for the Moodle Administrator. You need to follow the same password rules as shown here.
49,When extracted I will rename the FrontAccounting folder to account.
50,And all the Gentiles and the people of Israel were present in the synagogue.
51,Welcome to Meet The GIMP.
52,A variable must be declared before it can be used.
53,Let us see the version number of the jdk.
54,As we can see Course Category is Mathematics.
55,Let us now see how to create a simple Java web project using NetBeans IDE.
56,Tomorrow is the death anniversary of Acharya Drona.
57,We all may walk
58,But for the sake of time I will just fill in duck for Full Name and leave the rest of the details blank by pressing Enter.
59,"""Stand or sit in a comfortable position"
60,"""And it came to pass as they went their way that they shed their garments."
61,In Perspective type: INKSCAPE.
62,So type: u and press Enter.
63,Next we will work through for loop.
64,Let's have a look again next week. We'll cover that again.
65,Also keep the area where plants and other food items are kept clean.
66,"""Samvrutah: One who is shrouded in darkness and who is not endowed with knowledge."
67,If you do not have good bandwidth you can download and watch it.
68,"""Use a double sutra and join one stitch to another to create a firm stitch."
69,The back of the left hand is in contact with the spine and the right palm is opposite to the spine.
70,Change the name of the layer to CD template.
71,cures many waterborne diseases.
72,Enemy is hiding.
73,In the Services window right-click the Databases node.
74,There is an error here.
75,We all will stay here.
76,"""And on the sixth day they came and cut off the child's skin and took his name as his father had called him."
77,So the control goes to the displayMessage.
78,We can now add it to the content as well.
79,Women is decorating.
80,Is it necessary to read Geeta today?
81,"""However they did not succeed here they were successful in making any metal with gold and electricity."
82,"""Tie the knees to the ground stretch the abdomen inwards and sit back with the buttocks resting on the heels."
83,We will then call the removeFromCheckout method.
84,Boy will receive the bag.
85,"""But by the Lord a woman is conceived without her and a man is not born without his wife."
86,identify and list the tools used in hand sewing and the features of stitching
87,4. Leaves - they are usually green in colour and they make their food.
88,I just click to come out of that box.
89,We have created a rectangle.
90,Hanumata is the knowledge of Sita in Lanka.
91,In this tutorial we learnt about: Subclassing and Method overriding.
92,"""That the goddess Artemis might make a temple of silver and bring much profit unto all her craftsmen: which is Dimetrias which was of the same name"
93,"""This tutorial has been created to teach you about the nutritional nutritional and health benefits of various culinary and socially processed foods"
94,Now let us learn to install a software using Synaptic Package Manager.
95,They can be single-celled or multicellular.
96,Click on View this Journal Entry link.
97,Who is Capricorn?
98,She is listening.
99,This is because it adds regular expressions a or b or c.
100,"""Along with this they were provided with water to cook food wash clothes and other related activities."
101,"""And none of the rulers of this world knew it: but when they had found it they would not have crucified the Lord with power."
102,We have seen that it is important to show the nature of food use.
103,And he drove them out of the judgment seat.
104,"""And he answered and said He that healed me said unto me Go take up my bed."
105,Switch to the location where the logo is saved.
106,"""Sitting Asanas - Siddhasana Gomukhasana Ardhamatyasana Andrasana Mayurasana"
107,These are two asanas.
108,Krishna is all-knowing.
109,Monkey threw fruit.
110,Who are the warriors?
111,Click on the Arrange button at the bottom right.
112,Motivate the senses
113,"""And it came to pass that after he was risen from the dead Jesus appeared unto his disciples the third time."
114,There are many rooms in this house.
115,Now let us add the Service tax. First we have to create a GL Account for the service tax.
116,In the old tutorial we had learnt a bit about bookmarks.
117,Now press Enter. To execute type dot slash if1. Press Enter.
118,Input/Output functions and Time-stamp functions.
119,Next we will parse book_id from id as an Integer.
120,"""But when the trumpet is sounded of the seventh angel then the secret doctrine of God shall be revealed unto his servants the prophets as in the gospel."
121,But to redirect the error stream you have to use 2 right angle brackets or 2 double right angle parentheses.
122,Now we can see the names of the users instead of their id.
123,Vishuddhatma: One who is free from the three Gunas.
124,Then maximum number of names can be sent to 500 people per day.
125,This class may have variables to represent the following details-
126,You are a son of Kunti.
127,Who was Maricha?
128,Save the program and run. We see that the value is zero.
129,In the sub-field a Classification number type: <ID1.
130,Now let us see some common errors that we come across.
131,It improves blood circulation throughout the body.
132,How can we check an index sequence in any of these multidimensional arrays?
133,Create an odd circle of pink colour and a circle of black colour.
134,Error dialog box and Shortcut keys.
135,Lets come here. Let me delete this and now add a figure.
136,You must have heard the name of <ID1
137,Here we can see that the write permission has been removed altogether.
138,Read the License Agreement carefully.
139,It contains the packages required to setup the basic LaTeX documents in Windows and TeXworks is the first editor available in MikTeX.
140,We can see block diagrams which do not have mathematical expressions.
141,We both speak.
142,The Internet connection should be good.
143,And the program should be finished.
144,Slightly raise the knees using the elbows to lower the legs.
145,These simple lines are the cornerstone of your drawing.
146,Krishna places the chariot.
147,In the spoken tutorial that I have created we have learnt about- Creating equations.
148,Spoken Tutorial Project is a part of the Talk to a Teacher project
149,Koha automatically selects the Spoken Tutorial Library.
150,"""Then all the multitude of them stood and looked upon him and saw his face as the face of an angel."
151,Go to the browser and open your Moodle site.
152,You can type the title of your journal here.
153,And these keys can be used with any other selection tool.
154,More information on this mission is available at the following link.
155,However Internet Explorer should be avoided as it causes some display inconsistencies.
156,Type at the prompt: date space plus percentage symbol with a small h and press Enter.
157,First we will learn what an interface is.
158,Name the simplest and most subtle organism found on earth.
159,Turn the fingers backwards.
160,"""And it came to pass in those days that a voice came out of the air saying Father glorify thy name and I will make my name great again."
161,"""Some commonly used leaves for serving food are: platen leaves bustardtic leaves rinicum cumin leaves caltropis leaves castor leaves sihetmilky leaves lotus leaves dahyanskreupine leaves stereo svarpamsavalling leaves etc."
162,"""In that day shall men seek death and shall not find it: and they shall desire to die and death shall flee them."
163,I must think.
164,ENVIRON - Specifies the array of shell environment variables and their values.
165,We had kept this part outside and there is someone sitting there.
166,This is a GUI to use the apt-get command line.
167,"""The knees should be about 10 inches apart both hands and knees apart."
168,Let us see what happens in the <ID1 file.
169,"""And he stooped down first that he might confirm the second which he said Behold we come together to do the will of his heart."
170,explain the meaning of folk dance
171,So I can drag the black point to this point.
172,Extract the gene HIV1gp3 from HIV genomic sequence at locations of 4587 to 5165.
173,"""Then spake Jesus unto them plainly Lazarus is dead:"
174,"""And when he saw the manner of him that doeth evil he was moved with a light and came into his basket"
175,Now let us see how we can make this system work.
176,Now click on OK and close the dialog box.
177,It will summarize the Spoken Tutorial project.
178,Next I select Step Over. The rectangle value inside the constructor is set to 10.
179,Read the meditation sloka.
180,What is cooking in your house today?
181,Welcome to the spoken tutorial on grep command.
182,Next below the Description we will see 2 fields Course Summary and Course Summy files.
183,That is a public transport.
184,including graphics color packages use it. We'll tell LaTeX if we have these requirements in mind.
185,Now we will use the cout statement instead of the printf statement because we are using cout function to print a line in C++.
186,"""3. When I put food in the bowl I get a bag-like part of it."
187,Write the traditional methods of purifying water.
188,So I select the interpreter and fix the error.
189,"""and discuss space exploration planetary movement eclipse calculation astronomy in detail"
190,So your breath rate while doing this practice should also be 30 to 35 breaths per minute.
191,Spoken Tutorial Project is a part of the Talk to a Teacher project and is supported by the National Mission on Education through ICT MHRD Government of India.
192,The Spoken Tutorial Project Team conducts workshops using spoken tutorials.
193,"""And yet unto every soul he giveth a gift as it is said Thee is God against the self-respecting: but unto the lowly he giveeth the gift."
194,"""Sattvaah: One who is of the nature of Sattva as in chivalry and war."
195,Slightly bend to the right until the right arm reaches the right foot.
196,Teacher calls the boys.
197,Write two types of cleaning external body parts.
198,"""And when they were sore displeased they took the apostles and bound them to low places and put them in prison."
199,So I create a new layer and name it white and in Layer Fill Type I select White and then I reduce the value of opacity as we can see through this image.
200,Aatma-vanah: One who is present in everything.
201,describe some tribal dances of India with an example.
202,Now add a using statement.
203,Enough.
204,There should be enough space to play this game.
205,"""Therefore beware of what ye see: for whosoever groweth near shall be found and whososoever groweth not therein what he has it shall be taken away from him."
206,This is because we did not initialize the values of the variables.
207,Now press ctrl + z keys twice to undo this action.
208,Click on the Selector tool.
209,I will give this package.
210,"""As you inhale your abdomen expels and as you exhale the abdomen sinks."
211,Now we will invoke the show data method to print the registration details.
212,Click on View menu and select Properties option.
213,The tutorial is recorded using the maximum resolution possible for proper use of the tools.
214,Total 4000 and Actual cost 0.00 will be calculated automatically.
215,Use and set guidelines
216,The Provision field is used by a Sales Person.
217,"""Then said the disciples unto him Where shall we find bread in the wilderness to punish these dead?"
218,Boy has friendship on that.
219,There is one application Video in the list shown.
220,"""As it is written in the book of Hosea To him that is not mine I will say To the nation that loveth me I will tell."
221,You can install KTouch from the Ubuntu Software Centre.
222,Child has trust in these all.
223,For Grace period: I will select 15 day (s.
224,"""For I know thy works tribulation and wrath before me: for thou art rich and hath not the Jews but the churches of the devil: and I know the reproach of them that call thee Jews."
225,Lord Sri Krishna says in the Gita
226,It is a physical exercise whereby one runs in one motion.
227,Identify whether the following statements are true or false:
228,"""But whosoever shall escape it out of the heart him it is that gathereth the flesh."
229,Type the date space plus percentage symbol in the prompt capital T and press Enter.
230,"""The king called some Brahmins and said My mother's last wish was to offer mangoes to the Brahmins"
231,And the whole mountain was turned into a forest.
232,Do you know Geeta?
233,The next setting is Hidden sections which are topics that are kept confidential for the students in the course.
234,Those two are braids.
235,The first step here is the General Ledger Account classes.
236,"""Ye also which were afar off and have not the will of his hand to do evil: and now he hath reconciled them unto himself by death in the flesh."
237,But its not so with detergents.
238,"""Salute Tropenaut-phos labouring in the Lord's service: Salute your beloved Pharisee which toil most in the service of the Lord."
239,"""It is a relaxing continuous and peaceful exercise"
240,"""Most of the actions of human beings were done in harmony with nature. They were not influenced by nature neither by negative emotions."
241,It should be light and not jerky and can irritate the body and spine.
242,Product of 5 and 2 is <ID1
243,Son- What happened between them?
244,In the emacs editor that we have already opened we can see the <ID1 button.
245,Feel the gradual expansion in all parts of the body.
246,"""And said unto them Men of Israel The Lord our God is one:"
247,"""Vedic scriptures like Rig Veda Yajurved Maitraayi Sanhitas Grih Suktam Smriti Dharmasutra have many mantras on cows."
248,Click through the contents of the folder to see them again.
249,Observe two square handles and two circle handles or arc handles in the shape.
250,A buffet is when food is placed on a high table.
251,"""And it was written in his epistle Greetings to the apostles and to the elders and the brethren of the nations which are at Antioch at Syria at Cilicia."
252,These are armies.
253,However it should not be a direct access to the web for security reasons.
254,"""Then called Paul unto the centurion and said unto him Because this man hath a complaint against the chief captain take him not thus."
255,"""When I forget the novel always I do it first."
256,This is Google Calendar.
257,"""And when the fire was kindled they went out to the people to pray"
258,Then click on Koha Administration.
259,foul smell of breath.
260,"""For I have written unto you to prove yourselves that ye receive not my word in all your works."
261,A new page opens up.
262,Terminal Text Editor and Synaptic Package Manager in Linux.
263,For example in a two-dimensional array the element is identified by a double index sequence.
264,Those are two samskritam houses.
265,Save the image as a.cml file.
266,So type 4.
267,"""Some people make things in a small space at home with the things they need."
268,"""It helps in increasing your focus and calms down the mind."
269,In the practice of Bhramari use Na-kara and not Ma- kara.
270,"""By faith have they subdued kingdoms done works of righteousness reaped the fruits of their wisdom and shut up the mouths of lions"
271,"""Then cometh he to his disciples and saith unto them Why tellest thou them this parable?"
272,Just add 2 before the name.
273,We have to open the terminal.
274,Now let us try division. Let us remove the asterisk and type the slash symbol.
275,"""India is a land of unity in diversity in food distribution India has diversity in languages places climates religions and cultures food is also different from one to another."
276,See this curve is not designed to draw.
277,Now click on the file that you just uploaded.
278,"""And certain Jews came out of Antioch and Iconium and led the people: and they stoned Paul and dragged him out of the city knowing that he was dead."
279,As a result some of the images are properly visible.
280,How to create a simple web application
281,But I can change it by changing the colour and to do that here is the shortcut key X and I will make it a bit darker here.
282,But a non-static block cannot be parameterized.
283,It starts with the main method.
284,Firefox web browser and the active Internet.
285,Let us see the action of the code.
286,"""1. Seeds get water oxygen and heat. These seeds sprout when they get good temperature."
287,"""Then cometh the householder's servant and saith unto him Sir in what field sailest thou the good seed? have ye brought forth the wild beasts?"
288,General Hand Sewing Skills
289,"""And when John was bound Jesus came into Galilee and preached the kingdom of God"
290,Let us see how the code works. Save and run the program.
291,Among the menu items go to Applications Programming and Netbeans IDE icon.
292,"""Blessings shall come and thou shalt bear them forth when the righteous doer of the sepulchre shall rise from the dead and they shall be able to pay."
293,And I will show you the code for the same.
294,Rama arrives at Ayodhya.
295,"""And when he saw there a man laid in bed nine years old having a paralysis he said unto him"
296,Then we iterate through the result set.
297,The output shows the total number of alkenes in the dna2 sequence.
298,GIMP uses many small windows like Windows and Macintosh programs.
299,Food means anything that we eat or drink when it gives nutrition to our body.
300,Let us go to the place where we want to place the box.
301,"""If his son ask for bread will he give him a stone or will he ask for fish?"
302,Make tight fists of the palms in the forward direction.
303,Now let us learn to give a stroke or an outline to the object. To do that we have to use the Stroke paint tab.
304,"""Bharata went to the great lord Rama in the form of Satya parakram and prayed fervently"
305,Scroll down and click on Save and display button at the bottom of the page.
306,Right-click on Open. From the context menu select Events Action Action Performed.
307,"""And in the evening Jesus went out and the twelve of his disciples:"
308,Even in present day worship of cows is done.
309,"""The iniquities of the earth shall be the condemnations of the prophets from the creation of the world and of them that are now verily I say unto you that all shall come into the generation of condemnation."
310,"""Who therefore O servant blaspheme another? if so be that he be established or dethroned before his Lord he shall also be established that God may establish him."
311,And close the document.
312,"""The cow told him'The sun is a star so why is it not visible in the night? Do stars shine at night? the king asked."
313,We will then call incrementAvailableCopies.
314,Now go to 310 CURRENT PUBLICATION FREQUENCY.
315,There are plants in front of the pond.
316,"""Each worker has to dig the soil and make the airflow suitable for them."
317,Begin by gazing at both fingers.
318,And there arose a dispute between them as to which of them should be exalted.
319,"""Keep the hands a bit away from the thighs palms upwards."
320,Snake hangs in the bushes.
321,And the end of my life is come and the hour of my departure is come.
322,Those are necks.
323,Full yogic breathing is the breathing process of all three abdominal thoracic and clavicula.
324,With this method we can see and identify the objects around us.
325,We are now in the welcome page.
326,Tomorrow I will go to the Sanskrit beach to learn Sanskrit.
327,Right-click on the Exit menu item.
328,Less than i.e. ab
329,We will learn about other options in the Align and Distribute dialog box in subsequent tutorials.
330,The output is from your application a++.
331,This will execute the last statement as long as the condition is true. Then there is an increment and thus the loop will be repeated.
332,Now we can see that both the objects are selected.
333,"""Therefore we should use fat in our meals."
334,Add final keyword before name variable. We have now changed variable name to final.
335,Now I have all the brushes in my brush section. So I close the Archive Manager close the folder here and come back to the GIMP.
336,This command gives us the number of empty lines because x will be incremented every time an empty line appears and will get printed.
337,He taught them the principles of war.
338,Now we will define the method showDetails. Then type: public void showTetails.
339,Click on Add stop to add a different color in between.
340,"""But when thou giveest shew not to the left what thine right hand doeth."
341,"""For we have an high priest who is the head of the household of God."
342,We know that a member of a class can consist of a variable and a method.
343,We should also protect the rich from thieves and violent animals.
344,For example we will store it directly in the centre environment.
345,Akash (space
346,Children heard the story.
347,"""And he sent Jesus unto Herod the tetrarch who was then in Galilee."
348,"""And ye shall heal the sick in your cities and shall declare that the kingdom of God is come unto you."
349,I will type Patel Arvind H.
350,During the month of October and November Sohrai and Bandhana are performed to show the fullness of the animal.
351,I will leave Shipping cost as blank.
352,We have already deleted the processRequest.
353,This will open the quiz for a specific period of time on the given date.
354,Let us use the greater than operator.
355,You are fearful.
356,Lastly click on Save changes button then on Done button.
357,Click on the Units drop-down list. Let us change it as per our requirement.
358,The keywords that people want to see when they login are displayed on the blocks.
359,"""He was shocked to see the place where he lived it was very dirty."
360,One soldier dies in the battlefield.
361,Highly useful in improving vision.
362,There are thousands of types of organisms found on earth.
363,Click on the drop-down list for Blend mode. There are 5 options here.
364,Do not choose any other option.
365,The second reason is the soil which needs to be watered as per the requirement. If it is a rainy area then it will get less water and if it is not rain then more water will be given.
366,If a limb has one shape then where does it lie in the body?
367,return 0; keep the ending curly brackets.
368,Animals are divided into following categories-
369,"""Mother cooks all kinds of dishes every day on festivals we feel happy after eating them."
370,The Spoken Tutorial Project is a part of the Talk to a Teacher project.
371,Now in the terminal type:
372,To optimize select Auto Optimization Tool in the tool bar.
373,This option is turned off for flow texts.
374,"""And after three days Paul called unto him the chief Jews and when they were come together he said unto them Brethren I have done nothing evil unto the people or to my fathers: nevertheless they that dwell at Jerusalem have delivered me into the hands of the Romans."
375,In the Screen mode the colours are first reversed then multiplied fried and mashed.
376,I select the Scale tool and save the aspect ratio and I move Scale from the block to the window.
377,Boy displays compassion in them.
378,Devotees of Krishna do not bow down.
379,As an assignment
380,"""The god said'One with a thousand names'Rama'"
381,There are many basic qualities found in humans.
382,Under Categories select Java.
383,"""Yes sir this is a circle shape picture of earth."
384,"""Saying Ye shall neither distribute the Holy Ghost to the Sabbaths neither cast ye loose before the Lambs: for by throwing they shall shake them all in their feet and by returning they will destroy you also."
385,As we can see this is the condition which creates the illusion.
386,Let us see what happens if'n' is equal to 0.
387,To practice this tutorial you should know
388,Select the Start Date and End Date of the exchange to view the circle text.
389,Fire power pervades the whole universe in the form of energy.
390,Now I scale this image.
391,The Create Table dialog opens.
392,Boy displays modesty in you.
393,What are the things around you?
394,Whereas a static method can only access and modify static variables.
395,"""In this Veda the knowledge of prayer is also given to help the cows with more milk."
396,Here it indicates that another Apache instance is running.
397,We can see a square handle and a circular handle on the image.
398,Now we will see the difference between instance method and static method.
399,"""For they hardened their hearts and forsook not that they had done these miracles."
400,Here you can see Created With GIMP and Loop Forever.
401,It is named after Bhilmacharya.
402,He will only eat the fruit.
403,From the Folder drop down menu select Bookmarks toolbar.
404,This is our header fileID1.
405,mixed
406,You served the country.
407,And it is not less than 40.
408,Hallstein Frisian - This is a pinkish-black cow.
409,"""And this is the parable of the Lord who reigned over them from the beginning of Adam unto Moses even as their father had sinned."
410,But you can control sharpening if you do it yourself using the GIMP. I will demonstrate how to do this in today's tutorial.
411,Let us change the header file ID1 to iostream.
412,This is a chariot.
413,You two were eloquent speakers.
414,"""Jacob and John his brother and Andrew and Philip and Bartholomew"
415,"""Each minute in a healthy adult there is a tremor more than eighty times at night."
416,And type the file name as ST-CD-label and click on Save.
417,"""For we speak as if ye were poor but as if I should be proud of the glory of some so have I not spoken."
418,Click on the Calculus course. Scroll down to see the course details. Click on Enrolled Users.
419,"""Who when God would have delivered them into a whirlwind walked contrary to the manner of their wives"
420,Do not create the main class set it as main project.
421,Then click on Add random question button.
422,There are devotees in and around the temple.
423,In this tutorial we will learn to set Global System Preferences to customize the Library OPAC.
424,Next let us see what the Status bar does.
425,"""I say unto thee Jesus Christ is the bread of the covenant that thou mayest glory in the mercies of God with the Gentiles by the grace of him: for it is written I stand before the nations and will receive thee in thy name Lord."
426,1. What is nutrition?
427,The Yogi is observing God everywhere.
428,"""And if I had not come to them they should have had no sin: but now they have no more to cover their sins."
429,TERMINAL QUESTIONS
430,From the drop-down I will select Author (A-Z.
431,A cow needs a place to live.
432,Suffer affliction as thou art a mighty warrior of Jesus Christ.
433,"""And it came to pass when the two of them were at the table together that he went to Moses and would have made peace with him he said unto him Sirs and brethren why do ye oppress one another?"
434,Here is an assignment for you-
435,Now let us try this command.
436,The Spoken Tutorial Project Team conducts workshops using spoken tutorials and gives certificates.
437,Function call by value
438,Prone Asana - Sit with your abdomen straight with your face down.
439,You may also open your own laundry room or take on assignments from the textile industry.
440,This is because the script overwrites the tables.
441,Teacher will teach you everything.
442,"""Not that the word of God failed: for all that are born of Israel are not really of Israel."
443,<ID1n then increment n = n + 1
444,And who shall be accused of the elect of God? or of him that thinketh God to be righteous?
445,Hold the top of the thread and bring the needle to the bottom where it was brought before.
446,"""And the two horses which were on his right hand were crucified with him."
447,Who killed the girl?
448,"""And the Lord said unto them Simon behold he hath willed you also to walk after the devil even as the serpents do."
449,Change the line spacing to 1.50.
450,"""For it hath been imputed to us by reason of this that men should go astray from their hearts to wander after strangers"
451,To open the terminal press CTRL ALT and T keys simultaneously.
452,We both must do.
453,The rest of the code is similar to our <ID1 program.
454,The next tool is called Intelligent scissors or Scissors selection tool.
455,Those afflicted by indigestion came near and got well.
456,Bhishma comes after seeing Ganga.
457,E267 as the value of Employee ID and 10000 as the price of Employees salary.
458,"""And when he had stood up and seen the clothes which they had put on he entered not in."
459,Now log out from your session Database administrative user.
460,It speaks Sanskrit.
461,explain the various types of Asanas
462,"""Supine Postures - Supine Posture Sarvangasana Shavasana, Halasana and Matsyasana"
463,HTML. If not then please visit our website for relevant tutorials.
464,Next line type else open flower brackets and press Enter.
465,Those are bullets.
466,They provide all kinds of services required by you.
467,Note that our file name is <ID1.
468,"""I forgive and humble myself: therefore lay my time on you and teach me yourselves that ye may refresh your hearts."
469,We are now in the Teachers dashboard.
470,"Now in the Price before Tax field I will enter the Price as 48,000."
471,Note that the servlet is very similar to any other Java class.
472,"We will use the ""this keyword to invoke another keyword within a constructor."
473,I expand the grid row by moving this slider. It will appear shortly.
474,My third wish is to give me self knowledge.
475,"""For they shall enter into the midst of you and persecute you with a rod as I did when I went before."
476,You can also open Inkscape by clicking on the logo twice.
477,"""For I am not worthy to be called thy son but thou hast made me thy hired servant."
478,Who was Kalidas?
479,To do so type the command on the terminal and press Enter. We get the output we want.
480,"""Let not the works of God hurt you that ye may eat: for all things are holy yet he that sufferth and suffereth them is not good."
481,I put a dand lamp in the class.
482,"""Lichchhavi King Bhaskararma the conqueror of the Hunas Yashodarma Sri Krishna Deva Raya the great king of Vijayanagara Empire and Lalitaditya a great warrior."
483,Metal cutters are better than plastic cutters.
484,It summarizes the Spoken Tutorial project.
485,"We have written the code to reverse the string and named it as ""ID1. To reverse a string we use the recursive function."
486,"""And he that resisteth God in all things and maketh himself to be God and sitteth in the temple of God after God let him be delivered to a man that is a sinner to the point of desolation."
487,Yoga is destroyed by any of the following six causes
488,They are created using the same commands as in the original file.
489,"""And when the Jews which were in the house with Mary resented her and saw her rising up quickly and walking they said She goeth to weep in the sepulchre: and they followed her."
490,"""And after a while they saw him more than them. They said unto him Thou art also one of them. Peter answered him I am not O man."
491,"""The Creator of wrath the Cutter of the days of those that are wrathful"
492,Useful
493,Calms down your mind when you are angry or tired.
494,The story of the play should be narrated in appropriate context.
495,"""There are some Indian medicinal plants that you can install at home which can be beneficial for the home as well."
496,else if conditional -expression2 is true then perform action 2.
497,Capricorn is also known as crocodile poise in English.
498,Drag the carbon to the left.
499,What did Rama do to make Sugriva believe in his own powers?
500,Boy displays regard on you.
501,This is called malnutrition.
502,We should also define a move method.
503,"""And it came to pass in the wilderness that the twelve which were with him asked him concerning these things."
504,You two play.
505,See the output. We had retrieved the original sequence of indices.
506,Notice a small angle to the left of it.
507,Let us summarize. In this tutorial we learnt:
508,Commands can be of multiple types at the same time and they can be different by using white space.
509,To set up user accounts
510,It says that its previous color was displayed only once or more.
511,Identify instance variables and static variables.
512,"""Then Peter answered and said unto him Give us an example."
513,"""Only one Lord Vishnu who is the greatest of all the universal and the imperishable Lord pervading the three worlds consumes the enjoyment of the world."
514,"""And the Lord said unto him Who is this man that believeth and doth command these things whom the Lord will send to his house to eat and to serve at the proper time?"
515,Dakshah: One who is skilled in all works.
516,The arrow has to move the category up or down and it has a menu and a gear icon called settings. This is indicated by the down arrow.
517,"""And he said unto him Instruct and I will send thee into other countries far away."
518,Do not pollute the sky and atmosphere.
519,Always click on the help icon to know the priority of any field that you have an idea about.
520,This brought oxygen to the air and paved the way for the development of many types oforganisms.
521,Asanas are classified as follows:
522,Name of the vowel letter is'Ach'.
523,"""In a relaxed state chant the Om Mantra feel the vibrations in the body."
524,and add edit and hide nodes.
525,The Pandavas' problem was solved by Sri Krishna.
526,I will keep it as 1.
527,Sri Krishna placed Arjunas chariot in between the two armies.
528,It is commonly known as Isoprene.
529,You both heard the story.
530,Those two are swans.
531,Go to the toolbar and click on Apply button.
532,I will right click on the layer and select the Flatten image.
533,Then print the reverse complements of the sequence object using the built-in method called reverse complement.
534,Brackets can be written and used contextually in the same way as in equations.
535,Click on Fill in correct responses button. This will help to see the correct answers to the questions option.
536,"""Let our people therefore learn to walk in good works that they may prosper not."
537,"""There is therefore treasure in heaven where moth and rust corrupt not and where thieves break through and steal not."
538,We have the minus c option.
539,Boy displays kindness in that.
540,"""Let us know first your fear that at the end there shall appear blasphemers of a good will"
541,"""The sun and the moon need not give light in that city: for the glory of God is his and the light of the Lamb is his."
542,"""This increases the amount of energy inhale slowly and give more attention to the energy while inhaling."
543,If we do not want any image to be added to the logo then the Short name will be used as the logo text too. We will retain the same.
544,"""And when he had gone through the surrounding villages he taught them"
545,Boy displays respect in these all.
546,"""That day should be fixed and the sabbath day should draw near."
547,Let us demonstrate the use of static variables with an example.
548,Bandha literally means binding or meeting.
549,"""By eliminating eye allergies it increases eye light and concentration."
550,We have defined a constructor with two parameters.
551,Helps in increasing blood sugar level and helping in the prevention of heart related disorders.
552,So type public void showData within parentheses type the following code to print id name branch and number of enrolled students.
553,• Sit in the base position.
554,Sita also left the royal dress.
555,Now let us initialize the fields for the second object.
556,6.5. How do new plants grow?
557,Is a blackboard needed?
558,Let us go to GreetingServlet dot java.
559,It is said that the juice of the water is kept in the sun.
560,Next we have to create a database for FrontAccounting.
561,Note that we did not initialize the value of x. Awk initializes x to zero from the initial value.
562,"""He that calleth you believeth now and shall accomplish it."
563,So let me open it.
564,You all know the cloth.
565,I will adjust the opacity slider to get a darker boat in the image.
566,Customers can get deposits miscellaneous sales etc.
567,The index finger should be exactly above the letter J.
568,He is not a soldier.
569,"""For as we forgive all sinners even so forgive us our sins: tempt us and deliver us from the wicked."
570,Let us start with the introduction to strings.
571,You can use these options by checking the check-box next to the subcategory that you want to drag.
572,The Spoken Tutorial Team conducts workshops and gives certificates to those who pass an online test.
573,It is a state of freedom or peace from all thought.
574,Here is a program.
575,The village is visible in this street.
576,Write four main points for cleaning goshala.
577,"""And he laid his hands on them and they departed from him."
578,4. there is a single white element in the seed which moves outfrom the roots.
579,To create delete modify data and finally
580,"""Submit yourselves to the yoke of zeal which is borne of the gospel of peace:"
581,Here std is the namespace in which the entire standard C++ library will be declared. Now press Enter.
582,Look at the details here.
583,Have fondness in peace.
584,These two characters are
585,Flower pattern. Flower pattern is sitting in a circle.
586,Type the file name as welcome.
587,Similarly we can assign students to a course.
588,What do you eat?
589,The quality of the sky is sound.
590,Click on Add button under the Activity chaser.
591,Then click on the Enter Payment button at the bottom of the window.
592,The Table environment is floating so do not add it here. Add it directly.
593,and display the converted temperature.
594,Create a class there called Welcome.
595,There are two Attachment buttons.
596,We also learnt about the usefulness of layers.
597,An SMS is received on your phone.
598,Similarly we will learn to parse data files using functions in the Sequence Input-Output module.
599,You see that the image is reversed as it is now. I will reduce the opacity to 50%.
600,Come back to the normal position as an inhalation.
601,This goes back to siddha.
602,You will see a different value on your interface.
603,Zoom and click the star once.
604,"""But with time the nature of industries should also change."
605,Milk is milked by cows.
606,main is a special function.
607,However the date is editable.
608,This will send a unique message to all the selected students.
609,"""After studying this lesson you will be able to:"
610,Enter the password of your choice in the Password text-box.
611,Immediately the recording software creates an image.
612,This is a stick.
613,The text was recorded using the highest resolution possible with the help of the tools used in the tutorial.
614,I record it in <ID1 pixel and then reduce it to <ID2 pixel. Thus it works on Apple TV and so on.
615,Boy displays fondness in these all.
616,Compress the hole and push it outwards.
617,It also provides certain security and privacy options against malicious web pages spyware viruses trojans or other malicious activities.
618,He is known for inventing many health enhancing and immunity boosting medicines.
619,The package gets updated.
620,All the sounds of alphabets originate from the Dhakat of Shiva.
621,She knows these two.
622,Kings did not imitate Dilipa's fame.
623,Start the XAMPP services before you start the FrontAccounting interface.
624,This statement prints the address of the variable num.
625,You all sit.
626,"""Verily verily I say unto you He that believeth on me shall do those things that are good and shall do them greater works than these: for I go unto my Father."
627,"""And whosoever is in the field let him not turn his back to take his garment."
628,Student knew mathematics.
629,"""Indian science of chanting shlokas or mantras is one of the foremost in the world."
630,Moodle 3.3 and Firefox web browser. You can use any web browser of your choice.
631,"""Plants carry water from their roots to land."
632,The file is saved as ID1 in your home folder. Press Enter.
633,You please speak.
634,"""By making Samyama on the mind you are meditating on the self which is within you."
635,You all please pray.
636,"""The goddess of knowledge wisdom learning music and art Saraswati."
637,"""But now I say Have I heard you by reason of the truth?"
638,Now let us see how to execute the same program in C++.
639,Click on the GL Account Classes link in the Maintenance panel.
640,"""For God so gave the world his second Son that whosoever believeth on him should perish and have eternal life."
641,To record this tutorial I am using: Ubuntu <ID1 Operating System
642,I will name it as Account balance.
643,Keep the default folder as the Home folder.
644,"""And saw the garments which were laid and the mantle of the head set in separate places."
645,To follow this tutorial learners should have knowledge of Library Science.
646,"""And when Jesus had been delivered over to death as it was ordained of God ye took him and crucified him in the hands of them that were wicked."
647,Sages were chanting.
648,There was an Indian Vedic sage named Maharishi Chaywan.
649,This was the place where they all met.
650,Before proceeding further verify the performance of each step.
651,Contact your Centre Coordinator for receipt of books and sound recordings.
652,Create groups in courses and send messages and notes to students.
653,"""Hives bees flies mosquitoes etc are examples of insects."
654,Proper'Bijyamantra' is also chanted with the names of the Sun God.
655,This opens the File Browser window.
656,Explain the question in minutes and seconds. Anyone in our group will answer the question.
657,Click on Show Layer Mask.
658,Trataka is the practice of focusing attention on a particular gazing point.
659,These are used to draw water from tanks to gardens.
660,You can use the terminal to
661,The FrontAccounting interface opens.
662,"""However it is not recommended for student teacher and student users."
663,In this tutorial we will learn about the different types of function calls which are:
664,Humans have developed many kinds of machines over time. But the system developed by nature is not so simple.
665,"""When shall we see thee an stranger and take thee in? or shall we behold thee naked and clothe thee?"
666,The first data is at index zero.
667,From the Menu bar click on Edit and then on Preferences.
668,Make sure you complete this tutorial before proceeding further.
669,"""Verily verily I say unto you That on the judgment day there shall be a battle in Sidom and Gomorrah."
670,Save the file. Press Ctrl + S to run the program.
671,And Philip was in Bethsaida which was inhabited by Peter and Andrew.
672,Now let us change this to enumerate.
673,"""And Jesus knowing their thoughts said unto them Why quarrel ye in your hearts?"
674,"""The scriptures dictate that a younger brother cannot rule over the older one. He is therefore worthy of being called a king. But Rama's generosity is of a noble nature."
675,which helps to normalize the speed of breath and helps to rhythmically adjust the breath evenly.
676,Less water is used
677,In this tutorial I will learn to get familiar with GIMP and how it works.
678,"""And they took the colt to Jesus and cast their garments on him and slew him."
679,"""For by her ministry they which are accomplished in glory receive the greater glory being glorified through faith in Christ Jesus."
680,Which goes from brain to the end of vertebrae.
681,Here is an assignment for you: Add a new subcategory 2nd Year Maths in Mathematics. Remove the Miscellaneous category.
682,"""Inhale keep the weight of the body on the palms raise the head and keep it on the ground."
683,Keep the neck parallel to the back.
684,So the root alone is sufficient.
685,Come back to our terminal.
686,Let us move the mouse values inside the box and leave it there.
687,common errors which may arise in the future
688,Type: cd space slash user slash bin
689,"""And when he had finished supper Jesus said unto Simon Peter Simon son of Jonas lovest thou me more than these? He saith unto him Yea Lord thou knowest that I love thee. And Jesus said Feed my sheep."
690,I go to File click on Save As and change the file extension from tif to jpg.
691,Why is cleanliness important for humans? Write four reasons.
692,ii. I have to make skin clean.
693,Thoughts will give you different thoughts.
694,"""In two rounds he came out of the zoo"
695,Boy displays trust in you all.
696,Only one thing I will add and explain later.
697,Paternal grandparents chanted Krishna's name.
698,Fold the right leg at the knees and sit on the heels.
699,"""And when he saw the people on the four sides he saith unto the man Stretch forth thy hand and his hand is cleansed as it had been done unto others."
700,"""But Jesus would say nothing unto him. And his disciples came and told him saying This woman come after us with a cry cast her out."
701,This is a daily tip where you receive useful feedback.
702,Here we execute the query to delete the returned book from the entry Checkout table.
703,"""The people make namaskars and give them chief posts in the synagogue and chief places at meat:"
704,What if we want to delete a directory which has many files and sub-directories?
705,She does not want reward.
706,She wants more flowers like this.
707,Marichasana Sthiti: Dandasana
708,And we shall not eat any of it.
709,Child has respect in me.
710,Click on Create a new question button and double-click on the Short answer option.
711,The selected atoms will appear in blue colour.
712,You have seen that the physical condition of the earth changes and the development of organisms changes.
713,"""Saying daily for a gift that we may see your mouth and prove unto you that which is not of your faith."
714,"""Following social values it is important to serve food."
715,"""And I will drink no more of the new wine but the wine of Gosthenes I shall never drink again."
716,Immediately the download starts. Click on Save File button and then on OK button.
717,"""But we speak the wisdom of God according to the wisdom which is ordained of God in us and hid before the weather."
718,The success message will appear.
719,"""And say If we retain the days of our fathers we shall not be partakers of the blood of the prophets."
720,You both will be seeing.
721,Calculator Text Editor Terminal Firefox web browser some common applications like videos and the LibreOffice Suite component and the Home folder.
722,Notice that the <ID1 file appears in the Projects window below the < ID2 file.
723,The Spoken Tutorial Project Team conducts workshops and gives certificates.
724,3. How is urine made? What are the components of urine?
725,Here I will again assign a value of 8 to'b'.
726,This article has been contributed by Priyanka.
727,Compile as before.
728,So from here these brushes can be used as fake water colour or you can use them to draw frames around the image.
729,"""focus on conscious breathing or pranayama"
730,• Exhale repeatedly and vigorously.
731,Boys heard the story.
732,Some of these are beneficial and some are harmful.
733,"""centering can be said to be within parentheses."
734,"""And they abode there many days. And Festus began to teach Paul's words unto the king and to speak with him. And he departed leaving behind a prisoner which was Paul and Felix."
735,"""It is made of Ice Steel Ice Aluminium etc."
736,Boy displays fondness in those all.
737,It is said that when a person goes to have food next to another person after cooking a meal they are served.
738,It is a matter of hardship to learn geeta in spirit of knowing sanskrit.
739,Rakshano: One who is the protector of the three Lokas.
740,The law of the Spirit of life hath redeemed me from the law of sin and death by Christ Jesus.
741,"""Slowly raise the heels as far as you can and stretch the body to the tips of your toes."
742,Since my proxy does not require authentication I will delete those details.
743,Ghost called for battle.
744,"""Yes sir I know this is normal behaviour Gopal replied. He said."
745,Enter your admin password and click on Authenticate button.
746,Now I will talk about declaring a string.
747,Let us now change the opacity of the arrows.
748,Now let us call the method from the main method.
749,Type: grep space minus i spacewithin double quotes ankit space saraf after the double quotes space <ID1
750,If not for relevant tutorials please visit our website.
751,Browse and select the ZIP file which is 30Mb in size and click on Open.
752,Step 4: Chaturangandasana
753,The error indicates that we need to give an implementation to the Animal interface.
754,"""But if any man offend one of these men and the other of them which believe on me it is better for him to be girded with a machete and for his body to be washed with the water of the sea"
755,"""And the Jews knew that she was pregnant with him and that he had a son named Hezron."
756,On doing so a window named Save File opens which prompts us to fill in the File name.
757,The works of poets are poems.
758,"""And Paul answered and said unto him I stand in the judgment seat of Caesar where I am worthy to be judged: and thou knowest that I do not harm the Jews."
759,"""And there was a company of people standing by: and they and the rulers thereof were astonished saying This man saved others: and if he be the Christ of God let him save his own now."
760,They served the country.
761,Some of the features are as follows:
762,We can also resize and rotate the star using another handle.
763,The Course category is set by the admin.
764,Now type: ls space -l space example1 and press Enter.
765,You can see some area code figures where click on the triangle drag it onto the canvas and remove the Stroke by inserting saffron into it.
766,Bend the fingers and straighten the head and palms.
767,"""Therefore if any man shall cleanse himself of these things he shall be clean fit for the work of the Lord and worthy of honour with all his works."
768,"""For if they walk according to the will they shall drink of the water of the Spirit which is in them Christ."
769,It creates a declarative region and defines a scope.
770,Benefits of bacteria
771,"""Before stitching came scissors were used to sew clothes."
772,Squirrels attract insects with their colour and stamens pollen which reaches the female body and gives fruit to the flowers.
773,"""And the lord answered and swore unto her Whatsoever thou wilt I give thee even so will I give it thee."
774,After this practice you will be able to complete your image and praise yourself.
775,Now let's start with today's tutorial.
776,We can see that the home page of the Glassfish Server is displayed.
777,Move your mouse over the link to get the hyperlink address details.
778,Now I know a good way to get this color list.
779,Let me align the CD design layer.
780,"""And bare witness of the blood of the Lamb that they slew him and loved him not and suffered their lives to death."
781,Let us run the code. Save and run the program.
782,Place the palms close to the feet on the ground.
783,Now I click on Scale and get the scaled image.
784,If not selected by default select Default for Calculus.
785,11 and Raju sent this value to the constructor. So this is it.
786,Now from this field click on the next button.
787,Then resume the tutorial.
788,Girls give prasadam.
789,The age must be a positive integer.
790,In this case it should be shown as zero because there is less usage here.
791,"""And there were seven angels in their array having the seven trumpets which were about to sound."
792,I got good marks.
793,Let us now learn how to use the keyword this.
794,I know the book.
795,Based on this tutorial the Spoken Tutorial Team conducts workshops.
796,"""And when they were departed they gathered unto me the people which came to Antioch and gave me my letter."
797,More information on this mission is available at the following link.
798,"""Thou shalt not teach thyself by teaching others and shalt thou steal thy own self by preaching the law of immorality?"
799,The General menu has two sliders- Quality and Fog.
800,Please do not ask pertinent questions. This will avoid confusion and clutter.
801,"""And if they shall not believe they shall sow again: for it is the power of God to sow them again."
802,Click on Save.
803,"""Then took Jason and all his disciples the fine and let them go."
804,This helps to create different quizzes for each academic year or for different groups.
805,A serial number will appear which in turn will be the PID of the existing shell.
806,1. Asanas help in the development of people.
807,If so please refresh it after some time.
808,I wrote a Sanskrit song yesterday.
809,Makarasana 1. Prone Asana
810,Here the file ABC is loaded with XYZ.
811,This is because if you change any method as final you will not be able to override it.
812,"""There are talented people far from displaying the universe at all costs."
813,Now type the password and click on Login.
814,Now let us look at the URL.
815,I will make a copy of the original on the Background layer.
816,Here the first step is to create a sequence record object.
817,He got the boon from the gods.
818,Ancient Indians knew about diseases of cows.
819,"""No man dare give up his vows unto those that do well: but no man giveth up his life for the righteous."
820,Again click on Account Description drop-down box and select Capital option.
821,If the errorMsgs list is not empty then we display the errorMSgs in addUser dot jsp itself.
822,Now click on Save.
823,"""And what shall we say What did our father Abraham gain by sports?"
824,Note that we will use only the default keyword.
825,More information on this mission is available at the following link:
826,Again Antialiasing is for soft edges.
827,As of now Tag number 010 is not visible on this page.
828,In the Projects window right-click on the <ID1 file.
829,Reconcile the Bank Account
830,Child has trust in you all.
831,To select a read only variable we will use const keyword.
832,To record this tutorial I am using: Ubuntu Linux OS <ID1 > and Koha version <ID2
833,"""For it hath been accomplished by him that hath made the sacrifice of himself that there should be no sacrifice day after day for his own sins but for the sins of others."
834,"""Even so when the devil is cast out and is separated from his adversary how shall his kingdom stand?"
835,Click on the Go to receipt page.
836,"""And as he walked behold there came one running and kneeling before him he said unto him Lord what must I do that I might gain eternal life?"
837,If you do not get any error message know that Biopython is installed.
838,Then go to the tab 245 TITLE STATEMEN:.
839,"""And yet I regard not his affliction as my bread but as the testimony of the gospel of the grace of God and as the minister of the Lord Jesus Christ whom I have borne the burden of my ministry and love not my life to finish my way and to serve him joyfully."
840,"""Let us make ourselves manifest that we may minister to the Lord with glory and honour and to the glory of the Lord."
841,Now the area here is darker and this white colour sometimes this is too white so I am dragging this down.
842,"""And when they saw that the people had put forth their hands many knew him and went their way out of the cities and fell on their faces unto Jesus."
843,Sometimes the log file will not show the orbital details.
844,Type your username as Su and press Enter.
845,Once you finish typing check the Correctness field. This will show the correctness of your typing.
846,Now let's look at our laptop.
847,"""Move the body from the knees down to the legs right-handed and left-handed i.e. clockwise and anti-clockwise."
848,Scroll down and click on Save changes button.
849,Let us rejoice at the mercy and glory bestowed on us by the goddess of wisdom Saraswati. Come join us.
850,Makes the muscles strong.
851,But I cant see it properly. So I will change the text.
852,Now delete the format specifier.
853,People call the goddess Saraswati as Vani.
854,Yagyapatih: One who is the master of Yagya or knowledge.
855,Click on Save. First we will change the header file to <iostream.
856,Boy displays friendship on them.
857,The code is written in awk BEGIN section.
858,The Forum name will appear as a link to the forum on the course page.
859,Let's add another block. Click on Add a block menu on the left.
860,By default the Unit penalty field is displayed as 0.1. I will change it to 0.5.
861,Sutapo: One who is endowed with beauty.
862,To add a single DNA molecule go to Build menu then Insert and click on DNA/RNA in the sub-menu.
863,Notice that multiple Tabs will appear in the Preferences window.
864,Settings for the visiting card
865,Please see for yourself the usefulness of using both the commands.
866,What music will you be listening to?
867,Details on the download
868,They can keep their hands on the head but they must not touch the head.
869,Let us summarize. In this tutorial we learnt about:
870,If not add some errors to the logic or algorithm.
871,Science is the proof of the condition of work.
872,"""And they drew in and found out what was therein and went a little further and drew in the water again: and there were there fifteen beasts of water"
873,You will also learn how to type non-linear display every time you type.
874,Moodle has various plug-ins for teacher and site administrators.
875,We get the output as We have successfully run a java program.
876,If two correct answers are given then 1 integer will be given to the student.
877,What is a flower?
878,"""Bhrastram: This dish is mostly used for cooking tandooras."
879,The surfaces settings dialog box opens. Move the sliders to correct the opacity.
880,"""And the citizens saw all the people come out to meet Jesus: and they prayed saying Go into our country and see him no more."
881,Fill in the blanks below with the proper words.
882,We will now login with the username Bella and her password.
883,"""Inhale and raise the head filling in the air in your chest."
884,This URL is based on the port number and domain name provided by the sys-ad at the time of installation.
885,It is rotated up to 90 degrees.
886,Click on the Home folder.
887,"""But woe unto you alas for ye are rich: for ye shall be hungry and be full of sorrow."
888,You can access the connection node by right-clicking on it.
889,Lord Shiva has a name in Nataraja too.
890,It is said that nutrient content of food is found in many foods.
891,"""For God hath not appointed us to wrath but to the righteousness of salvation through Jesus Christ our Lord"
892,"""And he saith unto them Are ye grieved and going forth to be judged?"
893,"""Agrahyah: One who cannot be absorbed by any of the Karmendriyas."
894,"""He was manifested in Himself as the Supreme Personality of Godhead and as He is the Supreme Being He created the earth and the body from Himself."
895,Arjuna is here.
896,And the God of peace be with you all. Amen.
897,Now close this Firefox window.
898,"""And when the governor was come in ye glorified Amalon."
899,Alright. Now the figure and guidance option is finished. We come to the end of the document.
900,"""And they sat down and ministered unto him."
901,Boys will wear new clothes.
902,"""This revolution of the earth will be completed in 365 days."
903,The selected course will appear as the Admin Course creator Teacher Manager to whom the course is assigned.
904,Rama and Lakshmana searched for Sita for a long distance but were unable to find her.
905,Food boosts our body's growth.
906,The joint movements are very important to observe.
907,3. different kinds of odour messages reach brain through nose and nostrils.
908,Soldier makes a exit.
909,So from the background colour I select a different colour. How is it here?
910,The Spoken Tutorial Team conducts workshops using spoken tutorials.
911,The aim of this practice is to familiarize you with the three different components of breathing (abdominal thoracic and clavicula and to incorporate them into full yogic poses.
912,This brings us to the end of this tutorial.
913,The options are similar to those in any other word processor application.
914,We have successfully installed the XAMPP server.
915,Increase the pressure in the eyes.
916,"""He that is suckled is not in the word of righteousness because he is a babe."
917,"""And when they had gone and seen all that were done they prepared there the passover."
918,Sage leaves his family.
919,Characters in perspective
920,Exhale and bring the left leg forward next to the right leg and reach down along with your upper body touching the forehead to the knees as in step 2.
921,Let us go to the terminal. Let me clear the prompt.
922,Here dollar 1 indicates the first field that is roll number. The value is dollar 6 multiplied by zero point 3' and dollar six is the stipend value.
923,Students saw the play.
924,To do so go to the top right corner click on Spoken tutorial library. Click on Logout from the drop-down.
925,"""And I will come again unto you and bow down myself unto God: and I fear that I may be grieved when I shall see them that have sinned and have not repented of their uncleanness nor of their nakedness"
926,I will leave them blank.
927,INTEXT QUESTIONS 8.3
928,Type hashID1 space opening angle bracket closing angle bracket
929,So I go to Filters > Enhance > Sharpen.
930,Click on Stop to stop the auto optimization process.
931,3. Warahamihira
932,Spoken Tutorial Project is a part of the Talk to a Teacher project
933,We are advised to give write permission to this directory.
934,Export the file in eps format and view it.
935,I would now like to talk more about the Paintbrush and how to select brushes to paint.
936,Naikamah: One who has lot of Maya in him.
937,This is my cause of glorying unto God through Jesus Christ.
938,You are a priest.
939,In the meantime there is a Birthday option.
940,"""And Jesus said unto them A prophet is not found except in his own country and his own house and those of his own household."
941,"""And I saw a devil clothed with purple whose name is Death and the Lord that followeth in him: and with his sword he gave unto thee dominion over four quarters of the earth to slay men with famine and with pestilence and wild beasts."
942,iv. fore brain
943,We started with cropping the image and I will show you what I can do with this image in the next tutorial.
944,Go to the terminal and clear it.
945,Now we will come back to our slides and learn about main function.
946,"""Bhakti affects joy transcendental joy peace and wisdom."
947,"""Let them also be worthy of double standards which are true of the church and especially of them which are persuaded by the word of God and of the doctrine"
948,"""Behold men do well in what they do not in evil faith but in righteousness."
949,"""And while he yet had all things to do Paul resolved to go up to Jerusalem from Macedonia and said Of a truth I must see Rome while I went there."
950,The output is displayed in GC content percentage.
951,It should look like a naked eye.
952,Note that all the C files have the extension.c (dot C.
953,Sadgatih: One whose speed is supreme.
954,So I select the Clone Tool and change the size of the Brush.
955,"""For he hath created all things through Jesus Christ that the knowledge of God might be revealed in the church unto the angels which are exalted in the highest."
956,Peepal: This is a small tree which grows up to the height of 6 meter and has parallel leaves and number of ID1.
957,As we can see the output is Hello Space World.
958,Type at the prompt: date space plus percentage symbol with a small h and press Enter.
959,"""And the Lord had mercy on the whole household of Joseph for he hath called me again and again."
960,Browse the folder path at the bottom.
961,The Ubuntu Linux OS features multiple workspaces or Desktops.
962,Enter the username of your choice in a new window that opens up here. I will enter frontacc as the user name.
963,A message appears at the top saying Journal entry has been entered
964,Look for the image that you have saved.
965,"""That we might eat not of the word but of the Spirit according to the meaning of the new testament. For the word is dead but the Spirit is life."
966,The level field data will now be displayed as 2.
967,It works on Linux Max OS and Windows.
968,---Add the audio @ID3 from the tutorial nstallation of FrontAccounting on Window OS timing <ID2 to <ID1 > ---
969,The five neem trees are very famous for their divine features and relationship with the god.
970,"""Behold I give you power to trample on serpents and scorpions and to quench them in all their might and ye shall in no wise be harmed."
971,"""Inhale completely without any pressure. The breath should be normally filled."
972,"""Neither have ye read this That a man shall leave his father and mother and be joined to his wife and the two shall become one flesh?"
973,"""And the angel answered and said unto him Am I covering this? for I am old and my wife is old."
974,So note only the changes here.
975,If you want your student to learn the position themselves fill in the fields in this section.
976,On the home page click on Cataloging.
977,while loop
978,The output of the ls command serves as an input to the wc command.
979,Connect the printer to a computer.
980,"""And the ravening men took up timber or cakes or any thing that found it: and all the earth received it and the creatures lived."
981,If all the conditions are false then the last Else section is executed.
982,Select MMFF94 Force Field and click on the Start button.
983,"""Bhutakrutah: One who is the creator of all beings."
984,A file name is a representation of religion or administrative information such as the date of creation or modification of the file and its contents.
985,"""In fire there are three kinds of sounds touch form taste etc."
986,demonstrate geometry in coordination compounds and build nanotubes.
987,This will keep the heat out of the machine.
988,Both sides of the nose are their eyes.
989,In'Bcc' it says <ID2 and <ID1.
990,Here the first field is roll number and the sixth field is students stipend.
991,Blocks in Admins Dashboard tutorial - How to add and remove blocks
992,"""Many ancient Indian scriptures gave rules for the safety health of cows."
993,"""To them also which are called by Jesus Christ to whom also the Gentiles are called to receive the guidance of the faith in his name"
994,"""Inhale deeply exhale strongly"
995,"""And when Jesus had spoken to him he remembered that thou hast given me three sparrows before the cock did come out he was filled with sorrow."
996,He thanked his doctor for treating him.
997,"""Nathanael saith unto him Can any man prosper at Nazareth? Philip answered him Come and see."
998,So I just pull this over to the Toolbox and here I am.
999,There are settings to edit hide duplicate and delete a resource. Details on these will be available later.
1000,Stretch the body slightly and slowly relax the body completely by wiping the eyes.
